{
  "30d": {
    "mean": 491.29856029252255,
    "median": 489.2833939968965,
    "std": 50.24834005759068,
    "min": 348.1814169195886,
    "max": 741.6279465018362,
    "percentiles": {
      "p5": 414.65277053976274,
      "p10": 430.29362423968456,
      "p25": 454.8475064507221,
      "p50": 489.2833939968965,
      "p75": 521.9106224482903,
      "p90": 557.9855382310188,
      "p95": 575.8262912921895
    },
    "expected_return_pct": 2.840212880530708,
    "prob_profit_pct": 58.8,
    "var_5_pct": -13.203533166429134,
    "ci_68": [
      440.848292250565,
      538.9478199905807
    ],
    "ci_95": [
      400.4473481117084,
      595.9204791236062
    ],
    "initial_price": 477.7300109863281,
    "horizon_days": 30
  },
  "60d": {
    "mean": 507.7500318924477,
    "median": 500.2565359249513,
    "std": 78.91108659915463,
    "min": 297.9536247760556,
    "max": 895.3243681768771,
    "percentiles": {
      "p5": 388.3612403854537,
      "p10": 413.10687082511646,
      "p25": 453.0723231594111,
      "p50": 500.2565359249513,
      "p75": 558.6208297479517,
      "p90": 607.2659523547547,
      "p95": 644.1574481465542
    },
    "expected_return_pct": 6.283888434000579,
    "prob_profit_pct": 62.7,
    "var_5_pct": -18.706961787132112,
    "ci_68": [
      431.04145028835933,
      581.6075639304589
    ],
    "ci_95": [
      372.4242302927095,
      684.3577780005086
    ],
    "initial_price": 477.7300109863281,
    "horizon_days": 60
  },
  "90d": {
    "mean": 521.6427878616983,
    "median": 512.3933930519272,
    "std": 91.81387127026913,
    "min": 305.4416495533834,
    "max": 882.0711681634975,
    "percentiles": {
      "p5": 383.1666786931067,
      "p10": 416.55564974969684,
      "p25": 457.3580210912135,
      "p50": 512.3933930519272,
      "p75": 577.9342198562113,
      "p90": 643.585857315632,
      "p95": 685.9374778127566
    },
    "expected_return_pct": 9.19196530791675,
    "prob_profit_pct": 65.0,
    "var_5_pct": -19.794304338968505,
    "ci_68": [
      433.8790317559875,
      607.2188130041097
    ],
    "ci_95": [
      360.8200471286839,
      723.6175596745447
    ],
    "initial_price": 477.7300109863281,
    "horizon_days": 90
  }
}